,name,iptms,ptms,min_ipaes,plddt_prot,plddt_dna,md_name,force,rmsd_backbone,Hbonds,RFS,in_vivo,CADD,Conservation,AlphaMissense,Foldx_ddG,ESM1b_score,EVE_score
33,fold_d281a,0.83,0.93,1.935,94.99798235,76.87173832,fold_d281a,554.449,0.254072725,9.705882353,-0.913859855,,31,0.94,0.9997,0.189425,-16.138,0.968
35,fold_d281g,0.81,0.92,1.9,94.81070662,74.39762617,fold_d281g,778.18,0.218265755,13.03921569,-0.036592938,,31,0.94,0.9995,1.48573,-13.423,0.97
38,fold_d281v,0.81,0.92,2.34,94.93773929,75.08964486,fold_d281v,518.578,0.20622991,9.745098039,-0.570577068,-3.846979524,29.7,0.94,0.9997,-0.387965,-16.191,0.965
39,fold_d281y,0.72,0.91,3.485,94.17736974,68.77403738,fold_d281y,580.373,0.173066139,12.21568627,0.361463777,-1.48702347,28.3,0.94,0.9959,-0.239395,-15.827,0.969
40,fold_e285a,0.78,0.92,2.28,94.87897161,72.08850467,fold_e285a,966.469,0.271335194,14.66666667,-2.640965045,,29,0.802,0.928,0.0539334,-10.94,0.816
42,fold_e285g,0.78,0.92,2.31,94.79407197,73.0851028,fold_e285g,636.789,0.22076198,11.09803922,-1.004312215,,32,0.802,0.9509,1.20525,-10.868,0.821
45,fold_e285v,0.76,0.92,2.825,94.77774417,72.81768224,fold_e285v,718.246,0.243923606,13.49019608,-0.404978366,3.003772134,29.9,0.802,0.9811,-0.397634,-11.772,0.922
47,fold_k120m,0.65,0.9,3.75,93.77804156,63.6697757,fold_k120m,698.568,0.223697992,11.70588235,-1.591743002,,28.2,0.979,0.997,-0.472856,-14.122,0.979
67,fold_n239i,0.78,0.91,2.55,94.40361863,71.6033271,fold_n239i,844.542,0.241912065,10.17647059,-0.861906473,,28.9,0.972,0.9897,-0.453692,-15.012,0.937
71,fold_n239y,0.77,0.92,2.75,94.75686755,71.61538318,fold_n239y,810.806,0.197721157,13,-2.345370134,,31,0.972,0.8137,-1.30498,-13.095,0.602
73,fold_n247i,0.8,0.92,2.125,94.81892385,72.88054206,fold_n247i,594.893,0.236551069,11.33333333,-0.481048348,-2.456251427,28.6,0.962,0.9966,1.67334,-16.017,0.95
77,fold_n247y,0.79,0.92,2.16,94.96601381,73.04824299,fold_n247y,815.111,0.274904169,11.19607843,-1.255194623,-0.745046517,29.8,0.962,0.9639,0.679261,-15.501,0.948
87,fold_q136p,0.73,0.9,2.97,93.65897921,68.00272897,fold_q136p,760.004,0.206886243,12.29411765,-0.160295664,,28.5,0.924,0.9437,4.14883,-11.507,0.91
89,fold_r248g,0.72,0.92,3.07,94.92900126,68.60880374,fold_r248g,649.22,0.174809661,10.56862745,0.10714692,-1.670556974,27.2,0.937,0.9985,-0.57084,-13.425,0.809
90,fold_r248l,0.76,0.91,2.71,94.77580076,70.88259813,fold_r248l,467.952,0.209169814,7.274509804,0.23009297,-2.531718466,29.4,0.937,0.999,0.472294,-14.157,0.859
91,fold_r248p,0.69,0.9,3.385,93.70533123,64.01261682,fold_r248p,414.864,0.164132412,7.215686275,0.394365169,-1.194830205,32,0.937,0.9994,3.61553,-11.838,0.928
93,fold_r248w,0.77,0.92,2.64,94.79584171,70.60915888,fold_r248w,637.403,0.190958457,8.68627451,0.050890719,-2.552565354,28.3,0.937,0.9968,1.30341,-12.669,0.941
94,fold_r273c,0.81,0.92,2.165,94.70407828,74.80031776,fold_r273c,759.906,0.211037529,9.039215686,-0.127543011,-1.160395317,31,0.966,0.9945,1.17263,-11.347,0.851
95,fold_r273g,0.86,0.93,1.73,95.21989886,79.54127103,fold_r273g,556.515,0.248870335,10.49019608,0.358867976,-2.368538262,28.8,0.966,0.9981,2.74824,-11.433,0.946
97,fold_r273l,0.82,0.92,2.185,94.78399748,74.30626168,fold_r273l,459.565,0.185533433,9.37254902,0.101777414,-1.157738118,28.1,0.966,0.9954,-0.601227,-12.471,0.95
98,fold_r273p,0.82,0.92,2,95.09341956,78.33508411,fold_r273p,573.889,0.217350655,12.82352941,0.369465838,-1.299941913,28.8,0.966,0.9988,5.21894,-15.154,0.959
100,fold_r280g,0.72,0.91,3.51,94.7349115,68.82078505,fold_r280g,841.813,0.248495702,8.921568627,-0.522323347,,28,0.991,0.9989,1.05953,-13.15,0.985
101,fold_r280i,0.74,0.91,3.395,94.52377049,69.42360748,fold_r280i,429.07,0.193446894,8.529411765,0.017487779,-1.57174338,30,0.991,0.9996,-0.424987,-16.754,0.985
105,fold_r282g,0.76,0.91,2.575,94.47474716,72.55762617,fold_r282g,535.243,0.20127208,12.35294118,0.481312168,-0.763112489,27.4,0.986,0.9871,2.75449,-11.072,0.96
106,fold_r282l,0.78,0.91,2.205,94.51568096,72.29054206,fold_r282l,632.817,0.189031394,11.88235294,-2.062140986,,28.3,0.986,0.9405,-0.332524,-6.651,0.703
107,fold_r282p,0.73,0.89,3.005,93.4137224,70.33052336,fold_r282p,662.011,0.216424675,14.8627451,0.235751434,-2.858915798,29.3,0.986,0.9994,9.21369,-12.176,0.955
109,fold_r282w,0.78,0.91,2.37,94.67323492,73.9477757,fold_r282w,762.411,0.259157796,11.2745098,0.164519646,-0.545141157,31,0.986,0.9462,7.23858,-11.739,0.917
110,fold_r283c,0.82,0.92,1.955,95.08508207,76.53699065,fold_r283c,583.332,0.303265333,11.82352941,-1.500426313,,23.7,0.757,0.6812,1.40984,-11.743,0.559
111,fold_r283g,0.8,0.92,2.175,94.93943742,74.27588785,fold_r283g,732.802,0.260546288,12.45098039,-1.718897889,-1.37892922,24.4,0.757,0.887,1.18582,-11.843,0.822
113,fold_r283l,0.82,0.92,1.935,94.9902459,76.7815514,fold_r283l,541.618,0.275241506,9.823529412,-2.224896384,,22.9,0.757,0.8316,0.639781,-11.608,0.581
114,fold_r283p,0.76,0.91,2.555,94.46138801,71.12650467,fold_r283p,780.341,0.190336612,13.37254902,0.571333903,-1.180798625,27.8,0.757,0.9928,2.5208,-12.774,0.764
116,fold_s121f,0.78,0.91,2.585,93.95030113,70.12327103,fold_s121f,697.701,0.286716925,9.588235294,0.631214968,,27.7,0.972,0.9907,0.0750187,-13.579,0.959
117,fold_s240c,0.77,0.92,2.76,94.56996224,71.72297196,fold_s240c,736.263,0.247800059,11.11764706,-1.311253872,,27.1,0.981,0.965,-0.503604,-10.917,0.95
118,fold_s240g,0.77,0.92,2.495,94.88860113,71.78001869,fold_s240g,804.749,0.174762563,11.96078431,-0.933504781,,26.3,0.981,0.8955,0.790749,-7.499,0.693
119,fold_s240i,0.75,0.91,2.76,94.8181961,70.73358879,fold_s240i,608.923,0.214767071,10.84313725,-1.542619703,,26.3,0.981,0.9894,-2.21499,-13.549,0.824
123,fold_s241a,0.75,0.91,2.87,94.66667506,69.63659813,fold_s241a,813.928,0.163511241,9.882352941,-0.807006741,,26,0.988,0.9765,0.422505,-13.287,0.92
124,fold_s241c,0.78,0.92,2.5,94.68999371,71.29420561,fold_s241c,649.54,0.187673816,14.2745098,-0.278443406,,26.6,0.988,0.998,0.597512,-12.913,0.975
125,fold_s241f,0.77,0.91,2.59,93.87938519,69.1888785,fold_s241f,659.3,0.217995686,10.33333333,0.014622535,,27.6,0.988,0.999,0.793894,-14.118,0.944
126,fold_s241p,0.76,0.92,2.645,94.65689937,70.81878505,fold_s241p,499.75,0.204608684,8.921568627,-0.032401509,,27.7,0.988,0.9981,0.453954,-14.035,0.974
128,fold_s241y,0.73,0.91,3.005,94.42137931,67.80357009,fold_s241y,715.964,0.268961976,14.19607843,-0.604257623,,26.9,0.988,0.9984,0.934387,-15.03,0.964
129,fold_t123i,0.83,0.92,1.86,94.96603774,76.87420561,fold_t123i,844.978,0.22351362,12.70588235,-2.672296885,,24.4,0.942,0.7275,-1.17272,-11.164,0.786
131,fold_t284a,0.78,0.92,2.555,94.51950221,71.70973832,fold_t284a,615.073,0.15391851,11.15686275,-2.684415632,,25.3,0.689,0.2587,-0.771866,-4.463,0.494
132,fold_t284i,0.76,0.92,2.55,94.60389937,70.62437383,fold_t284i,594.215,0.150694339,12.43137255,-1.849160535,,26,0.689,0.5825,-1.26633,-9.016,0.472
134,fold_t284p,0.72,0.9,2.855,94.17539333,68.99130841,fold_t284p,578.754,0.245476882,11.7254902,0.423956135,-0.261102604,26,0.689,0.912,2.32081,-9.293,0.884
0,fold_a119d,0.76,0.92,2.65,94.72,72.66302804,fold_a119d,713.65,0.314745249,10.23529412,-1.63070961,,28.3,0.964,0.9957,-0.0474228,-13.106,0.859
1,fold_a119t,0.81,0.92,2.08,94.56929604,74.52295327,fold_a119t,920.18,0.227073855,10.21568627,-2.016942683,,25.6,0.964,0.6385,0.890009,-9.025,0.486
2,fold_a138d,0.78,0.91,2.34,94.66183417,72.31850467,fold_a138d,683.366,0.195984859,9.529411765,-2.313576245,,26.3,0.948,0.9364,-0.101817,-12.268,0.651
4,fold_a138s,0.78,0.92,2.39,94.8894717,72.16757009,fold_a138s,747.081,0.29123352,10.35294118,0.542012788,,26.5,0.948,0.174,0.121045,-6.739,0.531
5,fold_a138t,0.8,0.92,2.215,94.77111879,73.42428037,fold_a138t,815.476,0.166551812,11.37254902,-2.086573519,,27.3,0.948,0.7817,-0.760433,-8.151,0.794
7,fold_a276d,0.74,0.91,3.13,94.08657663,68.8575514,fold_a276d,607.004,0.153590857,8.392156863,-0.604082669,,29.9,0.965,0.9993,-0.0989675,-9.562,0.926
10,fold_a276s,0.79,0.92,2.355,94.7524717,73.1597757,fold_a276s,840.068,0.186224463,11.39215686,-1.261588869,-0.856466167,26.2,0.965,0.6879,0.234106,-6.991,0.526
11,fold_a276t,0.79,0.92,2.27,94.62792583,71.02538318,fold_a276t,696.762,0.350715447,12.82352941,-1.474267796,,24.6,0.965,0.97,0.358161,-7.795,0.49
14,fold_c238s,0.81,0.92,1.96,94.64443675,72.56985047,fold_c238s,526.491,0.318040069,9.196078431,-0.05772243,,27.3,0.988,0.9996,0.704818,-11.228,0.974
17,fold_c242r,0.78,0.91,2.525,94.33780427,73.1466729,fold_c242r,565.546,0.200512922,10.60784314,0.26465973,,31,0.988,0.9994,0.358044,-12.589,0.953
18,fold_c242s,0.82,0.92,1.85,94.76820013,73.97542056,fold_c242s,620.547,0.184153722,10.45098039,0.235627146,,27.45,0.988,0.9989,0.173518,-11.748,0.955
23,fold_c275r,0.81,0.91,2.18,94.45575282,76.86117757,fold_c275r,701.952,0.280290682,10.98039216,0.329995893,-3.112612621,31,0.99,0.9995,1.97952,-11.099,0.979
24,fold_c275s,0.84,0.92,1.76,95.01843927,77.40276636,fold_c275s,799.472,0.256080906,13.47058824,0.62171774,-2.380952334,27.9,0.99,0.9933,-0.218682,-13.127,0.651
29,fold_c277r,0.78,0.92,2.14,94.49242158,70.41807477,fold_c277r,760.754,0.19547251,16.09803922,-1.598133365,,31,0.993,0.9996,-0.116359,-12.586,0.977
30,fold_c277s,0.73,0.91,2.915,94.52530522,69.33314019,fold_c277s,728.992,0.302713541,11.64705882,0.509358608,-1.334846521,27.6,0.993,0.9837,0.319446,-11.819,0.64
57,fold_l137q,0.8,0.92,2.21,94.67955346,73.6753271,fold_l137q,529.486,0.224170061,10.23529412,-3.006859718,,33,0.721,0.9075,0.910211,-11.801,0.901
60,fold_m243k,0.78,0.92,2.62,94.65338365,70.72764486,fold_m243k,657.604,0.177234796,13.25490196,-2.272972565,,27.9,0.749,0.9506,-0.36188,-11.036,0.829
62,fold_m243r,0.78,0.92,2.29,94.6239196,71.4522243,fold_m243r,609.298,0.272076022,10.64705882,-1.97487496,,31,0.749,0.9493,-0.340886,-9.703,0.693
63,fold_m243t,0.79,0.92,2.23,94.70302897,72.06936449,fold_m243t,948.935,0.194773827,11.45098039,-1.591426338,,26.6,0.749,0.9711,0.162913,-7.95,0.571
79,fold_p278h,0.83,0.91,2.01,94.1899309,80.00278505,fold_p278h,691.282,0.268030822,12.78431373,-0.334839472,-1.801965879,29.9,0.984,0.9993,26.1239,-13.003,0.945
81,fold_p278r,0.86,0.92,1.72,94.0148462,81.81284112,fold_p278r,925.365,0.274981886,15.74509804,0.168381471,-2.603123014,29.5,0.984,0.9968,16.2399,-14.24,0.96
82,fold_p278s,0.82,0.93,1.84,95.14051637,75.86996262,fold_p278s,922.93,0.214740541,13.35294118,0.169596281,-0.61659247,28.6,0.984,0.9988,2.82469,-11.715,0.837
83,fold_p278t,0.84,0.92,1.755,95.14935179,78.35878505,fold_p278t,634.916,0.248794792,13.60784314,0.474350314,-1.652810266,28.1,0.984,0.9974,3.43815,-13.983,0.871
3,fold_a138p,0.8,0.92,2.35,94.41865493,72.4731028,fold_a138p,864.266,0.292646286,14.09803922,0.386777613,,28.6,0.948,0.9887,5.15027,-11.245,0.94
6,fold_a138v,0.76,0.91,2.645,94.65712131,70.83521495,fold_a138v,720.927,0.21467938,11.19607843,0.202183319,,25.8,0.948,0.9331,1.09407,-9.566,0.931
8,fold_a276g,0.76,0.92,2.74,94.95717254,71.05198131,fold_a276g,580.807,0.186368108,13.64705882,-0.062554556,-1.904300786,29.2,0.965,0.9785,0.469263,-9.473,0.96
9,fold_a276p,0.75,0.91,2.76,94.45008171,69.93964486,fold_a276p,543.117,0.192243535,7.117647059,-0.162226747,,27.1,0.965,0.9913,-1.11047,-10.723,0.958
12,fold_a276v,0.78,0.92,2.56,94.69247014,70.62123364,fold_a276v,720.498,0.221611845,10.60784314,-1.912959135,,31,0.965,0.9902,0.266175,-9.429,0.916
13,fold_c238g,0.81,0.92,1.955,94.69308129,73.1788785,fold_c238g,661.054,0.32699639,10.50980392,-0.44985493,,29.6,0.988,0.9956,1.7536,-12.022,0.973
15,fold_c238y,0.71,0.88,2.915,90.65759248,63.65218692,fold_c238y,966.165,0.309887088,9.901960784,0.214836401,,27.9,0.988,0.9996,16.4679,-11.991,0.976
16,fold_c242f,0.8,0.91,2.14,93.91723338,70.93491589,fold_c242f,712.889,0.178703551,11.39215686,-0.937129195,,27.9,0.988,0.9994,1.58093,-13.416,0.983
19,fold_c242w,0.85,0.92,1.75,93.84038823,76.56265421,fold_c242w,643.684,0.252973773,8.490196078,-1.596039669,,28.4,0.988,0.9994,1.90904,-13.466,0.98
20,fold_c242y,0.84,0.92,1.79,94.5633605,75.64263551,fold_c242y,651.179,0.265626996,11,-0.095791279,,27.8,0.988,0.9995,5.93809,-12.68,0.985
21,fold_c275f,0.77,0.9,2.565,93.61367629,72.14538318,fold_c275f,672.119,0.208437229,10.37254902,0.299175166,-2.380952334,27.9,0.99,0.9978,-0.207253,-14.422,0.981
22,fold_c275g,0.85,0.93,1.765,95.21245747,78.62203738,fold_c275g,901.942,0.239744484,10.19607843,0.55776295,,29.6,0.99,0.9926,1.26613,-15.386,0.955
25,fold_c275w,0.67,0.9,3.745,93.56630557,64.12102804,fold_c275w,734.16,0.208886206,11.19607843,0.345320056,-0.355683264,29.5,0.99,0.9994,2.64191,-14.25,0.983
26,fold_c275y,0.79,0.9,2.41,93.99366144,74.64050467,fold_c275y,615.522,0.173210969,9.921568627,0.405502556,-1.604216692,27.6,0.99,0.9996,6.0085,-13.636,0.984
27,fold_c277f,0.83,0.92,1.83,94.83749686,75.57902804,fold_c277f,640.688,0.232538312,12.80392157,0.509358608,-1.537107637,27.1,0.993,0.9904,-0.288796,-14.68,0.935
28,fold_c277g,0.69,0.91,3.565,94.53205419,66.98620561,fold_c277g,713.687,0.302489169,11.76470588,-0.570009997,-3.015198295,28.6,0.993,0.9972,0.851761,-15.631,0.957
31,fold_c277w,0.79,0.92,2.575,94.43025673,71.95878505,fold_c277w,680.586,0.169214143,11.01960784,-2.246451922,,25.8,0.993,0.9979,-0.228378,-14.626,0.962
32,fold_c277y,0.74,0.91,3.075,94.47737931,68.98437383,fold_c277y,544.504,0.201123335,9.823529412,-1.714100856,,26.9,0.993,0.9986,-0.331199,-14.054,0.954
55,fold_l137m,0.78,0.92,2.395,94.82152926,72.35347664,fold_l137m,763.143,0.205577033,10.56862745,-2.973383643,,23.6,0.721,0.3219,0.536751,-7.498,0.323
56,fold_l137p,0.79,0.92,2.425,94.58397985,71.64003738,fold_l137p,721.272,0.28170208,10.66666667,-2.832867964,,29.9,0.721,0.9377,-1.33302,-11.833,0.582
58,fold_l137v,0.79,0.92,2.27,94.77210957,70.7471215,fold_l137v,802.193,0.32486009,18.37254902,-2.780926649,,24.5,0.721,0.4695,1.01957,-7.808,0.6
59,fold_m243i,0.79,0.92,2.3,94.64501573,72.75558879,fold_m243i,664.352,0.214621884,13.39215686,-2.019240031,,25,0.749,0.9829,-0.092801,-5.274,0.788
61,fold_m243l,0.75,0.92,2.53,94.81011328,68.60994393,fold_m243l,733.522,0.200304618,11.50980392,-2.305293637,,25.15,0.749,0.6754,-0.0384564,-5.171,0.596
64,fold_m243v,0.84,0.93,1.82,95.01241184,77.33549533,fold_m243v,706.026,0.240401357,9.941176471,-2.259657792,,24.6,0.749,0.6734,0.207557,-4.399,0.529
78,fold_p278a,0.83,0.93,1.82,95.26146818,77.11771963,fold_p278a,711.732,0.257671592,12.09803922,-0.047660208,-1.095788811,27.2,0.984,0.9934,2.40531,-11.24,0.954
80,fold_p278l,0.79,0.91,2.11,93.90128931,74.16902804,fold_p278l,564.876,0.251255847,12.49019608,0.304812677,-2.600755518,32,0.984,0.9972,9.02056,-11.834,0.773
34,fold_d281e,0.8,0.92,2.32,94.77338994,72.41758879,fold_d281e,751.07,0.23557162,12.2745098,-0.027161226,,24.05,0.94,0.9991,0.903233,-12.286,0.972
36,fold_d281h,0.71,0.91,3.695,94.20461345,69.35768224,fold_d281h,799.397,0.184895759,12.35294118,0.107009737,-3.661895228,24.8,0.94,0.9993,0.212909,-14.87,0.817
37,fold_d281n,0.8,0.92,2.33,94.84351794,72.93691589,fold_d281n,528.808,0.159642939,12.68627451,-0.002384322,,28.5,0.94,0.9988,-0.893009,-12.621,0.944
41,fold_e285d,0.79,0.92,2.285,94.80096348,73.04753271,fold_e285d,682.498,0.189401637,10.11764706,-1.594854311,0.56179618,20.7,0.802,0.902,0.781983,-4.803,0.293
43,fold_e285k,0.76,0.92,2.75,94.61658276,71.59771963,fold_e285k,682.754,0.202574794,10.94117647,0.228999631,,28.4,0.802,0.9737,-0.0770817,-11.691,0.869
44,fold_e285q,0.77,0.92,2.49,94.88643801,72.58024299,fold_e285q,889.701,0.328363551,13.35294118,-2.794500403,,26.4,0.802,0.9185,-0.137057,-11.731,0.733
46,fold_k120e,0.69,0.9,3.725,93.71628068,65.68142056,fold_k120e,594.763,0.272065198,10.50980392,-0.35698504,,27.7,0.979,0.9978,-0.25175,-13.476,0.955
48,fold_k120q,0.71,0.91,3.31,94.7215922,67.77166355,fold_k120q,682.649,0.147002857,11.80392157,-2.117522936,,26.9,0.979,0.9942,0.0800328,-11.193,0.867
49,fold_k120r,0.74,0.91,2.915,94.33380893,68.59557009,fold_k120r,798.482,0.209688496,13.58823529,-2.66905014,,32,0.979,0.6345,0.234087,-8.641,0.769
50,fold_k139e,0.77,0.92,2.42,94.76730019,71.80347664,fold_k139e,673.181,0.158003339,11.11764706,-0.9963322,,28.1,0.968,0.9567,0.157187,-12.333,0.798
51,fold_k139n,0.8,0.92,2.155,94.92435768,73.55968224,fold_k139n,552.678,0.237802163,8.725490196,-2.130604777,,23.65,0.968,0.9818,0.566772,-11.421,0.85
52,fold_k139q,0.79,0.92,2.28,94.64130271,72.87805607,fold_k139q,643.022,0.217227867,9.098039216,-2.460368335,,27.7,0.968,0.772,0.165687,-11.165,0.782
53,fold_k139r,0.79,0.92,2.365,94.76311754,72.55652336,fold_k139r,729.272,0.190669231,9.764705882,-3.031882578,,27.2,0.968,0.174,-0.0443046,-8.421,0.713
54,fold_k139t,0.8,0.92,2.18,94.68274102,73.65201869,fold_k139t,574.453,0.189587471,10.01960784,-2.084793363,,27.5,0.968,0.8955,0.64807,-11.135,0.707
65,fold_n239d,0.82,0.93,1.85,95.1923348,75.0488785,fold_n239d,675.186,0.206493467,12.15686275,-0.024725173,,28.3,0.972,0.9944,0.705578,-14.555,0.934
66,fold_n239h,0.78,0.92,2.615,94.60702703,72.39553271,fold_n239h,606.141,0.21567229,9.901960784,-1.765907797,,27.2,0.972,0.8636,-0.476002,-12.519,0.77
68,fold_n239k,0.82,0.92,1.99,94.9137044,75.45676636,fold_n239k,491.798,0.237625575,9.529411765,-0.972169112,,24.65,0.972,0.9959,-0.299798,-11.244,0.658
69,fold_n239s,0.84,0.92,1.805,94.86732199,77.57476636,fold_n239s,481.892,0.173821571,10.8627451,0.062900027,,26.1,0.972,0.7939,0.447973,-10.221,0.675
70,fold_n239t,0.79,0.92,2.045,95.27461587,73.67964486,fold_n239t,568.09,0.248973361,11.23529412,0.135198223,,27.8,0.972,0.9759,1.03557,-12.893,0.877
72,fold_n247d,0.77,0.92,2.505,94.78830082,72.29145794,fold_n247d,664.023,0.342909604,8,-1.224592931,-2.80941793,28.2,0.962,0.9854,-0.595605,-13.137,0.814
74,fold_n247k,0.77,0.92,2.345,94.80188679,71.67573832,fold_n247k,598.239,0.193261616,9.823529412,-1.579496737,,24.3,0.962,0.9975,0.523769,-14.125,0.909
75,fold_n247s,0.77,0.92,2.375,94.74064272,71.02983178,fold_n247s,650.367,0.266415757,8.960784314,-1.773260664,-0.908536688,26.2,0.962,0.7867,1.21202,-10.901,0.561
76,fold_n247t,0.79,0.92,2.32,94.80910579,72.30523364,fold_n247t,482.106,0.217548369,10.7254902,-0.710234604,,28.3,0.962,0.9894,2.36926,-14.079,0.892
84,fold_q136e,0.8,0.92,2.035,94.96614852,73.8722243,fold_q136e,759.993,0.183560969,10.49019608,-0.085636899,,26.4,0.924,0.7507,-0.337302,-12.391,0.854
85,fold_q136h,0.78,0.92,2.315,94.87337736,72.75702804,fold_q136h,598.927,0.198057114,10.56862745,-1.702432684,,23.85,0.924,0.9347,0.691459,-10.408,0.837
86,fold_q136k,0.74,0.91,2.725,94.66740088,69.7695514,fold_q136k,753.866,0.283672725,10.60784314,-1.75267056,,28.1,0.924,0.7678,-0.837196,-12.203,0.616
88,fold_q136r,0.74,0.91,2.92,94.60980515,70.30071028,fold_q136r,669.441,0.158957004,10.60784314,-2.373965737,,26.2,0.924,0.6506,-0.368486,-10.851,0.51
92,fold_r248q,0.74,0.91,3.095,94.66670447,69.16153271,fold_r248q,717.316,0.303426169,9.745098039,0.108320044,0.407699531,29.4,0.937,0.9963,0.45953,-13.222,0.426
96,fold_r273h,0.84,0.93,1.71,95.28668766,77.34024299,fold_r273h,487.224,0.189907441,8.392156863,0.392768379,-0.881389722,24.8,0.966,0.9889,-0.410024,-12.599,0.385
99,fold_r273s,0.86,0.93,1.715,95.12714646,77.84026168,fold_r273s,673.364,0.192424739,9.784313725,0.017706601,-1.925113916,27.1,0.966,0.9993,1.92706,-12.198,0.924
102,fold_r280k,0.75,0.91,3.17,94.26589792,70.6708972,fold_r280k,764.803,0.205068918,13.84313725,0.186815948,-1.782380593,27.3,0.991,0.9936,0.0414832,-12.191,0.961
103,fold_r280s,0.72,0.91,3.43,94.58691919,67.16293458,fold_r280s,478.933,0.213335351,8.274509804,0.436836978,-1.644178268,24.1,0.991,0.9997,0.498266,-13.145,0.982
104,fold_r280t,0.68,0.91,3.995,94.55593691,66.38057944,fold_r280t,753.027,0.243691884,11.47058824,0.115583945,-3.81687104,28.2,0.991,0.9997,0.769422,-15.721,0.986
108,fold_r282q,0.83,0.91,1.905,93.64330183,78.93233645,fold_r282q,633.883,0.222550461,13.70588235,-1.610294604,,28.6,0.986,0.8664,2.77506,-8.345,0.939
112,fold_r283h,0.83,0.92,1.86,94.93138539,75.82758879,fold_r283h,668.915,0.262640149,9.411764706,-1.789128698,,26.8,0.757,0.549,1.24849,-11.152,0.678
115,fold_r283s,0.84,0.93,1.725,94.95933712,76.99714019,fold_r283s,821.491,0.16183462,7.666666667,0.333560215,-2.772126892,22.9,0.757,0.9763,0.794587,-11.981,0.544
120,fold_s240n,0.79,0.92,2.305,94.65419862,73.02504673,fold_s240n,655.98,0.247315924,10.62745098,-1.64204757,,25.3,0.981,0.9618,-0.472401,-9.771,0.633
121,fold_s240r,0.81,0.92,2,95.00120452,73.87248598,fold_s240r,755.588,0.241412502,13.2745098,-0.840532349,,24.9,0.981,0.9995,0.920035,-12.756,0.975
122,fold_s240t,0.84,0.93,1.755,95.10111321,76.4646729,fold_s240t,784.029,0.202302516,8.470588235,-1.617662341,,24.9,0.981,0.8618,-0.572205,-8.862,0.734
127,fold_s241t,0.76,0.92,2.73,94.77257862,71.35456075,fold_s241t,489.668,0.165517175,10.09803922,-0.43269755,,25.5,0.988,0.9465,1.01334,-11.027,0.622
130,fold_t123n,0.83,0.92,1.795,95.04360377,76.0357757,fold_t123n,838.981,0.283216839,12.70588235,-2.781672256,,24.1,0.942,0.6684,-0.386179,-9.699,0.74
133,fold_t284k,0.74,0.91,2.905,94.59005028,70.04859813,fold_t284k,607.215,0.220072494,11.23529412,-2.471189516,,26.5,0.689,0.7995,-0.973739,-9.864,0.595
