,name,iptms,ptms,min_ipaes,plddt_prot,plddt_dna,md_name,force,rmsd_backbone,Hbonds_prot_DNA,,rfs,in vivo,CADD_phred_like_score,Conservation_score,AlphaMissense_pathogenicity(class),Foldx_prediction(foldxDdg;plddt),ESM1b_score,EVE_score(class)
1,fold_a119d,0.76,0.92,2.65,94.72,72.66302804,fold_a119d,713.65,0.314745249,10.23529412,,-1.63070961,,28.3,0.964,0.9957(PATHOGENIC),foldxDdg:-0.0474228;plddt:92.8,-13.106,0.859(PATHOGENIC)
2,fold_a119t,0.81,0.92,2.08,94.56929604,74.52295327,fold_a119t,920.18,0.227073855,10.21568627,,-2.016942683,,25.6,0.964,0.6385(PATHOGENIC),foldxDdg:0.890009;plddt:92.8,-9.025,0.486(UNCERTAIN)
3,fold_a138d,0.78,0.91,2.34,94.66183417,72.31850467,fold_a138d,683.366,0.195984859,9.529411765,,-2.313576245,,26.3,0.948,0.9364(PATHOGENIC),foldxDdg:-0.101817;plddt:95.45,-12.268,0.651(PATHOGENIC)
4,fold_a138p,0.8,0.92,2.35,94.41865493,72.4731028,fold_a138p,864.266,0.292646286,14.09803922,,0.386777613,,28.6,0.948,0.9887(PATHOGENIC),foldxDdg:5.15027;plddt:95.45,-11.245,0.94(PATHOGENIC)
5,fold_a138s,0.78,0.92,2.39,94.8894717,72.16757009,fold_a138s,747.081,0.29123352,10.35294118,,0.542012788,,26.5,0.948,0.174(BENIGN),foldxDdg:0.121045;plddt:95.45,-6.739,0.531(UNCERTAIN)
6,fold_a138t,0.8,0.92,2.215,94.77111879,73.42428037,fold_a138t,815.476,0.166551812,11.37254902,,-2.086573519,,27.3,0.948,0.7817(PATHOGENIC),foldxDdg:-0.760433;plddt:95.45,-8.151,0.794(PATHOGENIC)
7,fold_a138v,0.76,0.91,2.645,94.65712131,70.83521495,fold_a138v,720.927,0.21467938,11.19607843,,0.202183319,,25.8,0.948,0.9331(PATHOGENIC),foldxDdg:1.09407;plddt:95.45,-9.566,0.931(PATHOGENIC)
8,fold_a276d,0.74,0.91,3.13,94.08657663,68.8575514,fold_a276d,607.004,0.153590857,8.392156863,,-0.604082669,,29.9,0.965,0.9993(PATHOGENIC),foldxDdg:-0.0989675;plddt:97.23,-9.562,0.926(PATHOGENIC)
9,fold_a276g,0.76,0.92,2.74,94.95717254,71.05198131,fold_a276g,580.807,0.186368108,13.64705882,,-0.062554556,-1.904300786,29.2,0.965,0.9785(PATHOGENIC),foldxDdg:0.469263;plddt:97.23,-9.473,0.96(PATHOGENIC)
10,fold_a276p,0.75,0.91,2.76,94.45008171,69.93964486,fold_a276p,543.117,0.192243535,7.117647059,,-0.162226747,,27.1,0.965,0.9913(PATHOGENIC),foldxDdg:-1.11047;plddt:97.23,-10.723,0.958(PATHOGENIC)
11,fold_a276s,0.79,0.92,2.355,94.7524717,73.1597757,fold_a276s,840.068,0.186224463,11.39215686,,-1.261588869,-0.856466167,26.2,0.965,0.6879(PATHOGENIC),foldxDdg:0.234106;plddt:97.23,-6.991,0.526(UNCERTAIN)
12,fold_a276t,0.79,0.92,2.27,94.62792583,71.02538318,fold_a276t,696.762,0.350715447,12.82352941,,-1.474267796,,24.6,0.965,0.97(PATHOGENIC),foldxDdg:0.358161;plddt:97.23,-7.795,0.49(UNCERTAIN)
13,fold_a276v,0.78,0.92,2.56,94.69247014,70.62123364,fold_a276v,720.498,0.221611845,10.60784314,,-1.912959135,,31,0.965,0.9902(PATHOGENIC),foldxDdg:0.266175;plddt:97.23,-9.429,0.916(PATHOGENIC)
14,fold_c238g,0.81,0.92,1.955,94.69308129,73.1788785,fold_c238g,661.054,0.32699639,10.50980392,,-0.44985493,,29.6,0.988,0.9956(PATHOGENIC),foldxDdg:1.7536;plddt:97.08,-12.022,0.973(PATHOGENIC)
15,fold_c238s,0.81,0.92,1.96,94.64443675,72.56985047,fold_c238s,526.491,0.318040069,9.196078431,,-0.05772243,,27.3,0.988,0.9996(PATHOGENIC),foldxDdg:0.704818;plddt:97.08,-11.228,0.974(PATHOGENIC)
16,fold_c238y,0.71,0.88,2.915,90.65759248,63.65218692,fold_c238y,966.165,0.309887088,9.901960784,,0.214836401,,27.9,0.988,0.9996(PATHOGENIC),foldxDdg:16.4679;plddt:97.08,-11.991,0.976(PATHOGENIC)
17,fold_c242f,0.8,0.91,2.14,93.91723338,70.93491589,fold_c242f,712.889,0.178703551,11.39215686,,-0.937129195,,27.9,0.988,0.9994(PATHOGENIC),foldxDdg:1.58093;plddt:97.24,-13.416,0.983(PATHOGENIC)
18,fold_c242g,0.82,0.92,1.835,94.69218021,73.93224299,fold_c242g,583.334,0.162616859,11.31372549,,,,29.4,0.988,0.9973(PATHOGENIC),foldxDdg:1.2261;plddt:97.24,-13.552,0.979(PATHOGENIC)
19,fold_c242r,0.78,0.91,2.525,94.33780427,73.1466729,fold_c242r,565.546,0.200512922,10.60784314,,0.26465973,,31,0.988,0.9994(PATHOGENIC),foldxDdg:0.358044;plddt:97.24,-12.589,0.953(PATHOGENIC)
20,fold_c242s,0.82,0.92,1.85,94.76820013,73.97542056,fold_c242s,620.547,0.184153722,10.45098039,,0.235627146,,27.45,0.988,0.9989(PATHOGENIC),foldxDdg:0.173518;plddt:97.24,-11.748,0.955(PATHOGENIC)
21,fold_c242w,0.85,0.92,1.75,93.84038823,76.56265421,fold_c242w,643.684,0.252973773,8.490196078,,-1.596039669,,28.4,0.988,0.9994(PATHOGENIC),foldxDdg:1.90904;plddt:97.24,-13.466,0.98(PATHOGENIC)
22,fold_c242y,0.84,0.92,1.79,94.5633605,75.64263551,fold_c242y,651.179,0.265626996,11,,-0.095791279,,27.8,0.988,0.9995(PATHOGENIC),foldxDdg:5.93809;plddt:97.24,-12.68,0.985(PATHOGENIC)
23,fold_c275f,0.77,0.9,2.565,93.61367629,72.14538318,fold_c275f,672.119,0.208437229,10.37254902,,0.299175166,-2.380952334,27.9,0.99,0.9978(PATHOGENIC),foldxDdg:-0.207253;plddt:97.98,-14.422,0.981(PATHOGENIC)
24,fold_c275g,0.85,0.93,1.765,95.21245747,78.62203738,fold_c275g,901.942,0.239744484,10.19607843,,0.55776295,,29.6,0.99,0.9926(PATHOGENIC),foldxDdg:1.26613;plddt:97.98,-15.386,0.955(PATHOGENIC)
25,fold_c275r,0.81,0.91,2.18,94.45575282,76.86117757,fold_c275r,701.952,0.280290682,10.98039216,,0.329995893,-3.112612621,31,0.99,0.9995(PATHOGENIC),foldxDdg:1.97952;plddt:97.98,-11.099,0.979(PATHOGENIC)
26,fold_c275s,0.84,0.92,1.76,95.01843927,77.40276636,fold_c275s,799.472,0.256080906,13.47058824,,0.62171774,-2.380952334,27.9,0.99,0.9933(PATHOGENIC),foldxDdg:-0.218682;plddt:97.98,-13.127,0.651(PATHOGENIC)
27,fold_c275w,0.67,0.9,3.745,93.56630557,64.12102804,fold_c275w,734.16,0.208886206,11.19607843,,0.345320056,-0.355683264,29.5,0.99,0.9994(PATHOGENIC),foldxDdg:2.64191;plddt:97.98,-14.25,0.983(PATHOGENIC)
28,fold_c275y,0.79,0.9,2.41,93.99366144,74.64050467,fold_c275y,615.522,0.173210969,9.921568627,,0.405502556,-1.604216692,27.6,0.99,0.9996(PATHOGENIC),foldxDdg:6.0085;plddt:97.98,-13.636,0.984(PATHOGENIC)
29,fold_c277f,0.83,0.92,1.83,94.83749686,75.57902804,fold_c277f,640.688,0.232538312,12.80392157,,0.509358608,-1.537107637,27.1,0.993,0.9904(PATHOGENIC),foldxDdg:-0.288796;plddt:96.83,-14.68,0.935(PATHOGENIC)
30,fold_c277g,0.69,0.91,3.565,94.53205419,66.98620561,fold_c277g,713.687,0.302489169,11.76470588,,-0.570009997,-3.015198295,28.6,0.993,0.9972(PATHOGENIC),foldxDdg:0.851761;plddt:96.83,-15.631,0.957(PATHOGENIC)
31,fold_c277r,0.78,0.92,2.14,94.49242158,70.41807477,fold_c277r,760.754,0.19547251,16.09803922,,-1.598133365,,31,0.993,0.9996(PATHOGENIC),foldxDdg:-0.116359;plddt:96.83,-12.586,0.977(PATHOGENIC)
32,fold_c277s,0.73,0.91,2.915,94.52530522,69.33314019,fold_c277s,728.992,0.302713541,11.64705882,,0.509358608,-1.334846521,27.6,0.993,0.9837(PATHOGENIC),foldxDdg:0.319446;plddt:96.83,-11.819,0.64(UNCERTAIN)
33,fold_c277w,0.79,0.92,2.575,94.43025673,71.95878505,fold_c277w,680.586,0.169214143,11.01960784,,-2.246451922,,25.8,0.993,0.9979(PATHOGENIC),foldxDdg:-0.228378;plddt:96.83,-14.626,0.962(PATHOGENIC)
34,fold_c277y,0.74,0.91,3.075,94.47737931,68.98437383,fold_c277y,544.504,0.201123335,9.823529412,,-1.714100856,,26.9,0.993,0.9986(PATHOGENIC),foldxDdg:-0.331199;plddt:96.83,-14.054,0.954(PATHOGENIC)
35,fold_d281a,0.83,0.93,1.935,94.99798235,76.87173832,fold_d281a,554.449,0.254072725,9.705882353,,-0.913859855,,31,0.94,0.9997(PATHOGENIC),foldxDdg:0.189425;plddt:97.06,-16.138,0.968(PATHOGENIC)
36,fold_d281e,0.8,0.92,2.32,94.77338994,72.41758879,fold_d281e,751.07,0.23557162,12.2745098,,-0.027161226,,24.05,0.94,0.9991(PATHOGENIC),foldxDdg:0.903233;plddt:97.06,-12.286,0.972(PATHOGENIC)
37,fold_d281g,0.81,0.92,1.9,94.81070662,74.39762617,fold_d281g,778.18,0.218265755,13.03921569,,-0.036592938,,31,0.94,0.9995(PATHOGENIC),foldxDdg:1.48573;plddt:97.06,-13.423,0.97(PATHOGENIC)
38,fold_d281h,0.71,0.91,3.695,94.20461345,69.35768224,fold_d281h,799.397,0.184895759,12.35294118,,0.107009737,-3.661895228,24.8,0.94,0.9993(PATHOGENIC),foldxDdg:0.212909;plddt:97.06,-14.87,0.817(PATHOGENIC)
39,fold_d281n,0.8,0.92,2.33,94.84351794,72.93691589,fold_d281n,528.808,0.159642939,12.68627451,,-0.002384322,,28.5,0.94,0.9988(PATHOGENIC),foldxDdg:-0.893009;plddt:97.06,-12.621,0.944(PATHOGENIC)
40,fold_d281r,0.69,0.9,3.8,94.04986809,66.27988785,fold_d281r,637.645,0.314399229,13.15686275,,0.128435548,,N/A,0.94,0.9959(PATHOGENIC),foldxDdg:-0.239395;plddt:97.06,-15.827,0.969(PATHOGENIC)
41,fold_d281v,0.81,0.92,2.34,94.93773929,75.08964486,fold_d281v,518.578,0.20622991,9.745098039,,-0.570577068,-3.846979524,29.7,0.94,0.9997(PATHOGENIC),foldxDdg:-0.387965;plddt:97.06,-16.191,0.965(PATHOGENIC)
42,fold_d281y,0.72,0.91,3.485,94.17736974,68.77403738,fold_d281y,580.373,0.173066139,12.21568627,,0.361463777,-1.48702347,28.3,0.94,0.9959(PATHOGENIC),foldxDdg:-0.239395;plddt:97.06,-15.827,0.969(PATHOGENIC)
43,fold_e285a,0.78,0.92,2.28,94.87897161,72.08850467,fold_e285a,966.469,0.271335194,14.66666667,,-2.640965045,,29,0.802,0.928(PATHOGENIC),foldxDdg:0.0539334;plddt:96.28,-10.94,0.816(PATHOGENIC)
44,fold_e285d,0.79,0.92,2.285,94.80096348,73.04753271,fold_e285d,682.498,0.189401637,10.11764706,,-1.594854311,0.56179618,20.7,0.802,0.902(PATHOGENIC),foldxDdg:0.781983;plddt:96.28,-4.803,0.293(BENIGN)
45,fold_e285g,0.78,0.92,2.31,94.79407197,73.0851028,fold_e285g,636.789,0.22076198,11.09803922,,-1.004312215,,32,0.802,0.9509(PATHOGENIC),foldxDdg:1.20525;plddt:96.28,-10.868,0.821(PATHOGENIC)
46,fold_e285k,0.76,0.92,2.75,94.61658276,71.59771963,fold_e285k,682.754,0.202574794,10.94117647,,0.228999631,,28.4,0.802,0.9737(PATHOGENIC),foldxDdg:-0.0770817;plddt:96.28,-11.691,0.869(PATHOGENIC)
47,fold_e285q,0.77,0.92,2.49,94.88643801,72.58024299,fold_e285q,889.701,0.328363551,13.35294118,,-2.794500403,,26.4,0.802,0.9185(PATHOGENIC),foldxDdg:-0.137057;plddt:96.28,-11.731,0.733(PATHOGENIC)
48,fold_e285v,0.76,0.92,2.825,94.77774417,72.81768224,fold_e285v,718.246,0.243923606,13.49019608,,-0.404978366,3.003772134,29.9,0.802,0.9811(PATHOGENIC),foldxDdg:-0.397634;plddt:96.28,-11.772,0.922(PATHOGENIC)
49,fold_k120e,0.69,0.9,3.725,93.71628068,65.68142056,fold_k120e,594.763,0.272065198,10.50980392,,-0.35698504,,27.7,0.979,0.9978(PATHOGENIC),foldxDdg:-0.25175;plddt:87.74,-13.476,0.955(PATHOGENIC)
50,fold_k120m,0.65,0.9,3.75,93.77804156,63.6697757,fold_k120m,698.568,0.223697992,11.70588235,,-1.591743002,,28.2,0.979,0.997(PATHOGENIC),foldxDdg:-0.472856;plddt:87.74,-14.122,0.979(PATHOGENIC)
51,fold_k120q,0.71,0.91,3.31,94.7215922,67.77166355,fold_k120q,682.649,0.147002857,11.80392157,,-2.117522936,,26.9,0.979,0.9942(PATHOGENIC),foldxDdg:0.0800328;plddt:87.74,-11.193,0.867(PATHOGENIC)
52,fold_k120r,0.74,0.91,2.915,94.33380893,68.59557009,fold_k120r,798.482,0.209688496,13.58823529,,-2.66905014,,32,0.979,0.6345(PATHOGENIC),foldxDdg:0.234087;plddt:87.74,-8.641,0.769(PATHOGENIC)
53,fold_k139e,0.77,0.92,2.42,94.76730019,71.80347664,fold_k139e,673.181,0.158003339,11.11764706,,-0.9963322,,28.1,0.968,0.9567(PATHOGENIC),foldxDdg:0.157187;plddt:96.64,-12.333,0.798(PATHOGENIC)
54,fold_k139n,0.8,0.92,2.155,94.92435768,73.55968224,fold_k139n,552.678,0.237802163,8.725490196,,-2.130604777,,23.65,0.968,0.9818(PATHOGENIC),foldxDdg:0.566772;plddt:96.64,-11.421,0.85(PATHOGENIC)
55,fold_k139q,0.79,0.92,2.28,94.64130271,72.87805607,fold_k139q,643.022,0.217227867,9.098039216,,-2.460368335,,27.7,0.968,0.772(PATHOGENIC),foldxDdg:0.165687;plddt:96.64,-11.165,0.782(PATHOGENIC)
56,fold_k139r,0.79,0.92,2.365,94.76311754,72.55652336,fold_k139r,729.272,0.190669231,9.764705882,,-3.031882578,,27.2,0.968,0.174(BENIGN),foldxDdg:-0.0443046;plddt:96.64,-8.421,0.713(PATHOGENIC)
57,fold_k139t,0.8,0.92,2.18,94.68274102,73.65201869,fold_k139t,574.453,0.189587471,10.01960784,,-2.084793363,,27.5,0.968,0.8955(PATHOGENIC),foldxDdg:0.64807;plddt:96.64,-11.135,0.707(PATHOGENIC)
58,fold_l137m,0.78,0.92,2.395,94.82152926,72.35347664,fold_l137m,763.143,0.205577033,10.56862745,,-2.973383643,,23.6,0.721,0.3219(BENIGN),foldxDdg:0.536751;plddt:96.93,-7.498,0.323(BENIGN)
59,fold_l137p,0.79,0.92,2.425,94.58397985,71.64003738,fold_l137p,721.272,0.28170208,10.66666667,,-2.832867964,,29.9,0.721,0.9377(PATHOGENIC),foldxDdg:-1.33302;plddt:96.93,-11.833,0.582(UNCERTAIN)
60,fold_l137q,0.8,0.92,2.21,94.67955346,73.6753271,fold_l137q,529.486,0.224170061,10.23529412,,-3.006859718,,33,0.721,0.9075(PATHOGENIC),foldxDdg:0.910211;plddt:96.93,-11.801,0.901(PATHOGENIC)
61,fold_l137v,0.79,0.92,2.27,94.77210957,70.7471215,fold_l137v,802.193,0.32486009,18.37254902,,-2.780926649,,24.5,0.721,0.4695(AMBIGUOUS),foldxDdg:1.01957;plddt:96.93,-7.808,0.6(UNCERTAIN)
62,fold_m243i,0.79,0.92,2.3,94.64501573,72.75558879,fold_m243i,664.352,0.214621884,13.39215686,,-2.019240031,,25,0.749,0.9829(PATHOGENIC),foldxDdg:-0.092801;plddt:96.47,-5.274,0.788(PATHOGENIC)
63,fold_m243k,0.78,0.92,2.62,94.65338365,70.72764486,fold_m243k,657.604,0.177234796,13.25490196,,-2.272972565,,27.9,0.749,0.9506(PATHOGENIC),foldxDdg:-0.36188;plddt:96.47,-11.036,0.829(PATHOGENIC)
64,fold_m243l,0.75,0.92,2.53,94.81011328,68.60994393,fold_m243l,733.522,0.200304618,11.50980392,,-2.305293637,,25.15,0.749,0.6754(PATHOGENIC),foldxDdg:-0.0384564;plddt:96.47,-5.171,0.596(UNCERTAIN)
65,fold_m243r,0.78,0.92,2.29,94.6239196,71.4522243,fold_m243r,609.298,0.272076022,10.64705882,,-1.97487496,,31,0.749,0.9493(PATHOGENIC),foldxDdg:-0.340886;plddt:96.47,-9.703,0.693(PATHOGENIC)
66,fold_m243t,0.79,0.92,2.23,94.70302897,72.06936449,fold_m243t,948.935,0.194773827,11.45098039,,-1.591426338,,26.6,0.749,0.9711(PATHOGENIC),foldxDdg:0.162913;plddt:96.47,-7.95,0.571(UNCERTAIN)
67,fold_m243v,0.84,0.93,1.82,95.01241184,77.33549533,fold_m243v,706.026,0.240401357,9.941176471,,-2.259657792,,24.6,0.749,0.6734(PATHOGENIC),foldxDdg:0.207557;plddt:96.47,-4.399,0.529(UNCERTAIN)
68,fold_n239d,0.82,0.93,1.85,95.1923348,75.0488785,fold_n239d,675.186,0.206493467,12.15686275,,-0.024725173,,28.3,0.972,0.9944(PATHOGENIC),foldxDdg:0.705578;plddt:98.03,-14.555,0.934(PATHOGENIC)
69,fold_n239h,0.78,0.92,2.615,94.60702703,72.39553271,fold_n239h,606.141,0.21567229,9.901960784,,-1.765907797,,27.2,0.972,0.8636(PATHOGENIC),foldxDdg:-0.476002;plddt:98.03,-12.519,0.77(PATHOGENIC)
70,fold_n239i,0.78,0.91,2.55,94.40361863,71.6033271,fold_n239i,844.542,0.241912065,10.17647059,,-0.861906473,,28.9,0.972,0.9897(PATHOGENIC),foldxDdg:-0.453692;plddt:98.03,-15.012,0.937(PATHOGENIC)
71,fold_n239k,0.82,0.92,1.99,94.9137044,75.45676636,fold_n239k,491.798,0.237625575,9.529411765,,-0.972169112,,24.65,0.972,0.9959(PATHOGENIC),foldxDdg:-0.299798;plddt:98.03,-11.244,0.658(PATHOGENIC)
72,fold_n239s,0.84,0.92,1.805,94.86732199,77.57476636,fold_n239s,481.892,0.173821571,10.8627451,,0.062900027,,26.1,0.972,0.7939(PATHOGENIC),foldxDdg:0.447973;plddt:98.03,-10.221,0.675(PATHOGENIC)
73,fold_n239t,0.79,0.92,2.045,95.27461587,73.67964486,fold_n239t,568.09,0.248973361,11.23529412,,0.135198223,,27.8,0.972,0.9759(PATHOGENIC),foldxDdg:1.03557;plddt:98.03,-12.893,0.877(PATHOGENIC)
74,fold_n239y,0.77,0.92,2.75,94.75686755,71.61538318,fold_n239y,810.806,0.197721157,13,,-2.345370134,,31,0.972,0.8137(PATHOGENIC),foldxDdg:-1.30498;plddt:98.03,-13.095,0.602(UNCERTAIN)
75,fold_n247d,0.77,0.92,2.505,94.78830082,72.29145794,fold_n247d,664.023,0.342909604,8,,-1.224592931,-2.80941793,28.2,0.962,0.9854(PATHOGENIC),foldxDdg:-0.595605;plddt:97.3,-13.137,0.814(PATHOGENIC)
76,fold_n247f,0.83,0.92,1.865,94.91298367,75.66179439,fold_n247f,610.584,0.194526727,12.07843137,,-0.329967966,-3.143576856,N/A,0.962,0.9639(PATHOGENIC),foldxDdg:0.679261;plddt:97.3,-15.501,0.948(PATHOGENIC)
77,fold_n247i,0.8,0.92,2.125,94.81892385,72.88054206,fold_n247i,594.893,0.236551069,11.33333333,,-0.481048348,-2.456251427,28.6,0.962,0.9966(PATHOGENIC),foldxDdg:1.67334;plddt:97.3,-16.017,0.95(PATHOGENIC)
78,fold_n247k,0.77,0.92,2.345,94.80188679,71.67573832,fold_n247k,598.239,0.193261616,9.823529412,,-1.579496737,,24.3,0.962,0.9975(PATHOGENIC),foldxDdg:0.523769;plddt:97.3,-14.125,0.909(PATHOGENIC)
79,fold_n247s,0.77,0.92,2.375,94.74064272,71.02983178,fold_n247s,650.367,0.266415757,8.960784314,,-1.773260664,-0.908536688,26.2,0.962,0.7867(PATHOGENIC),foldxDdg:1.21202;plddt:97.3,-10.901,0.561(UNCERTAIN)
80,fold_n247t,0.79,0.92,2.32,94.80910579,72.30523364,fold_n247t,482.106,0.217548369,10.7254902,,-0.710234604,,28.3,0.962,0.9894(PATHOGENIC),foldxDdg:2.36926;plddt:97.3,-14.079,0.892(PATHOGENIC)
81,fold_n247y,0.79,0.92,2.16,94.96601381,73.04824299,fold_n247y,815.111,0.274904169,11.19607843,,-1.255194623,-0.745046517,29.8,0.962,0.9639(PATHOGENIC),foldxDdg:0.679261;plddt:97.3,-15.501,0.948(PATHOGENIC)
82,fold_p278a,0.83,0.93,1.82,95.26146818,77.11771963,fold_p278a,711.732,0.257671592,12.09803922,,-0.047660208,-1.095788811,27.2,0.984,0.9934(PATHOGENIC),foldxDdg:2.40531;plddt:97.83,-11.24,0.954(PATHOGENIC)
83,fold_p278f,0.83,0.91,1.995,94.05954802,79.60495327,fold_p278f,668.996,0.230660261,11.98039216,,0.578332363,-2.336084982,N/A,0.984,0.9988(PATHOGENIC),foldxDdg:2.82469;plddt:97.83,-11.715,0.837(PATHOGENIC)
84,fold_p278h,0.83,0.91,2.01,94.1899309,80.00278505,fold_p278h,691.282,0.268030822,12.78431373,,-0.334839472,-1.801965879,29.9,0.984,0.9993(PATHOGENIC),foldxDdg:26.1239;plddt:97.83,-13.003,0.945(PATHOGENIC)
85,fold_p278l,0.79,0.91,2.11,93.90128931,74.16902804,fold_p278l,564.876,0.251255847,12.49019608,,0.304812677,-2.600755518,32,0.984,0.9972(PATHOGENIC),foldxDdg:9.02056;plddt:97.83,-11.834,0.773(PATHOGENIC)
86,fold_p278r,0.86,0.92,1.72,94.0148462,81.81284112,fold_p278r,925.365,0.274981886,15.74509804,,0.168381471,-2.603123014,29.5,0.984,0.9968(PATHOGENIC),foldxDdg:16.2399;plddt:97.83,-14.24,0.96(PATHOGENIC)
87,fold_p278s,0.82,0.93,1.84,95.14051637,75.86996262,fold_p278s,922.93,0.214740541,13.35294118,,0.169596281,-0.61659247,28.6,0.984,0.9988(PATHOGENIC),foldxDdg:2.82469;plddt:97.83,-11.715,0.837(PATHOGENIC)
88,fold_p278t,0.84,0.92,1.755,95.14935179,78.35878505,fold_p278t,634.916,0.248794792,13.60784314,,0.474350314,-1.652810266,28.1,0.984,0.9974(PATHOGENIC),foldxDdg:3.43815;plddt:97.83,-13.983,0.871(PATHOGENIC)
89,fold_q136e,0.8,0.92,2.035,94.96614852,73.8722243,fold_q136e,759.993,0.183560969,10.49019608,,-0.085636899,,26.4,0.924,0.7507(PATHOGENIC),foldxDdg:-0.337302;plddt:98.01,-12.391,0.854(PATHOGENIC)
90,fold_q136h,0.78,0.92,2.315,94.87337736,72.75702804,fold_q136h,598.927,0.198057114,10.56862745,,-1.702432684,,23.85,0.924,0.9347(PATHOGENIC),foldxDdg:0.691459;plddt:98.01,-10.408,0.837(PATHOGENIC)
91,fold_q136k,0.74,0.91,2.725,94.66740088,69.7695514,fold_q136k,753.866,0.283672725,10.60784314,,-1.75267056,,28.1,0.924,0.7678(PATHOGENIC),foldxDdg:-0.837196;plddt:98.01,-12.203,0.616(UNCERTAIN)
92,fold_q136p,0.73,0.9,2.97,93.65897921,68.00272897,fold_q136p,760.004,0.206886243,12.29411765,,-0.160295664,,28.5,0.924,0.9437(PATHOGENIC),foldxDdg:4.14883;plddt:98.01,-11.507,0.91(PATHOGENIC)
93,fold_q136r,0.74,0.91,2.92,94.60980515,70.30071028,fold_q136r,669.441,0.158957004,10.60784314,,-2.373965737,,26.2,0.924,0.6506(PATHOGENIC),foldxDdg:-0.368486;plddt:98.01,-10.851,0.51(UNCERTAIN)
94,fold_r248c,0.78,0.92,2.5,94.69056818,70.78056075,fold_r248c,714.244,0.284879735,11.31372549,,,,N/A,0.937,0.9968(PATHOGENIC),foldxDdg:1.30341;plddt:96.76,-12.669,0.941(PATHOGENIC)
95,fold_r248g,0.72,0.92,3.07,94.92900126,68.60880374,fold_r248g,649.22,0.174809661,10.56862745,,0.10714692,-1.670556974,27.2,0.937,0.9985(PATHOGENIC),foldxDdg:-0.57084;plddt:96.76,-13.425,0.809(PATHOGENIC)
96,fold_r248l,0.76,0.91,2.71,94.77580076,70.88259813,fold_r248l,467.952,0.209169814,7.274509804,,0.23009297,-2.531718466,29.4,0.937,0.999(PATHOGENIC),foldxDdg:0.472294;plddt:96.76,-14.157,0.859(PATHOGENIC)
97,fold_r248p,0.69,0.9,3.385,93.70533123,64.01261682,fold_r248p,414.864,0.164132412,7.215686275,,0.394365169,-1.194830205,32,0.937,0.9994(PATHOGENIC),foldxDdg:3.61553;plddt:96.76,-11.838,0.928(PATHOGENIC)
98,fold_r248q,0.74,0.91,3.095,94.66670447,69.16153271,fold_r248q,717.316,0.303426169,9.745098039,,0.108320044,0.407699531,29.4,0.937,0.9963(PATHOGENIC),foldxDdg:0.45953;plddt:96.76,-13.222,0.426(UNCERTAIN)
99,fold_r248s,0.68,0.9,3.665,94.56294823,65.65904673,fold_r248s,611.736,0.265367696,11.98039216,,0.227359214,-2.237197495,N/A,0.937,0.9968(PATHOGENIC),foldxDdg:1.30341;plddt:96.76,-12.669,0.941(PATHOGENIC)
100,fold_r248w,0.77,0.92,2.64,94.79584171,70.60915888,fold_r248w,637.403,0.190958457,8.68627451,,0.050890719,-2.552565354,28.3,0.937,0.9968(PATHOGENIC),foldxDdg:1.30341;plddt:96.76,-12.669,0.941(PATHOGENIC)
101,fold_r273c,0.81,0.92,2.165,94.70407828,74.80031776,fold_r273c,759.906,0.211037529,9.039215686,,-0.127543011,-1.160395317,31,0.966,0.9945(PATHOGENIC),foldxDdg:1.17263;plddt:98.43,-11.347,0.851(PATHOGENIC)
102,fold_r273g,0.86,0.93,1.73,95.21989886,79.54127103,fold_r273g,556.515,0.248870335,10.49019608,,0.358867976,-2.368538262,28.8,0.966,0.9981(PATHOGENIC),foldxDdg:2.74824;plddt:98.43,-11.433,0.946(PATHOGENIC)
103,fold_r273h,0.84,0.93,1.71,95.28668766,77.34024299,fold_r273h,487.224,0.189907441,8.392156863,,0.392768379,-0.881389722,24.8,0.966,0.9889(PATHOGENIC),foldxDdg:-0.410024;plddt:98.43,-12.599,0.385(UNCERTAIN)
104,fold_r273l,0.82,0.92,2.185,94.78399748,74.30626168,fold_r273l,459.565,0.185533433,9.37254902,,0.101777414,-1.157738118,28.1,0.966,0.9954(PATHOGENIC),foldxDdg:-0.601227;plddt:98.43,-12.471,0.95(PATHOGENIC)
105,fold_r273n,0.85,0.93,1.835,94.99901009,78.13358879,fold_r273n,607.169,0.247834667,9.568627451,,0.475771782,-0.658492057,N/A,0.966,0.9945(PATHOGENIC),foldxDdg:1.17263;plddt:98.43,-11.347,0.851(PATHOGENIC)
106,fold_r273p,0.82,0.92,2,95.09341956,78.33508411,fold_r273p,573.889,0.217350655,12.82352941,,0.369465838,-1.299941913,28.8,0.966,0.9988(PATHOGENIC),foldxDdg:5.21894;plddt:98.43,-15.154,0.959(PATHOGENIC)
107,fold_r273q,0.78,0.92,2.475,94.84968494,72.54327103,fold_r273q,684.732,0.209821331,11.60784314,,-0.019865314,-2.50826744,N/A,0.966,0.9945(PATHOGENIC),foldxDdg:1.17263;plddt:98.43,-11.347,0.851(PATHOGENIC)
108,fold_r273s,0.86,0.93,1.715,95.12714646,77.84026168,fold_r273s,673.364,0.192424739,9.784313725,,0.017706601,-1.925113916,27.1,0.966,0.9993(PATHOGENIC),foldxDdg:1.92706;plddt:98.43,-12.198,0.924(PATHOGENIC)
109,fold_r273y,0.8,0.91,2.28,94.70009434,73.55947664,fold_r273y,672.012,0.19867538,12.35294118,,0.429437223,,N/A,0.966,0.9945(PATHOGENIC),foldxDdg:1.17263;plddt:98.43,-11.347,0.851(PATHOGENIC)
110,fold_r280g,0.72,0.91,3.51,94.7349115,68.82078505,fold_r280g,841.813,0.248495702,8.921568627,,-0.522323347,,28,0.991,0.9989(PATHOGENIC),foldxDdg:1.05953;plddt:96.53,-13.15,0.985(PATHOGENIC)
111,fold_r280i,0.74,0.91,3.395,94.52377049,69.42360748,fold_r280i,429.07,0.193446894,8.529411765,,0.017487779,-1.57174338,30,0.991,0.9996(PATHOGENIC),foldxDdg:-0.424987;plddt:96.53,-16.754,0.985(PATHOGENIC)
112,fold_r280k,0.75,0.91,3.17,94.26589792,70.6708972,fold_r280k,764.803,0.205068918,13.84313725,,0.186815948,-1.782380593,27.3,0.991,0.9936(PATHOGENIC),foldxDdg:0.0414832;plddt:96.53,-12.191,0.961(PATHOGENIC)
113,fold_r280p,0.79,0.93,2.845,95.24876972,74.03334579,fold_r280p,553.246,0.218227814,8.392156863,,0.14072164,-3.456294754,N/A,0.991,N/A,N/A,N/A,N/A
114,fold_r280s,0.72,0.91,3.43,94.58691919,67.16293458,fold_r280s,478.933,0.213335351,8.274509804,,0.436836978,-1.644178268,24.1,0.991,0.9997(PATHOGENIC),foldxDdg:0.498266;plddt:96.53,-13.145,0.982(PATHOGENIC)
115,fold_r280t,0.68,0.91,3.995,94.55593691,66.38057944,fold_r280t,753.027,0.243691884,11.47058824,,0.115583945,-3.81687104,28.2,0.991,0.9997(PATHOGENIC),foldxDdg:0.769422;plddt:96.53,-15.721,0.986(PATHOGENIC)
116,fold_r282g,0.76,0.91,2.575,94.47474716,72.55762617,fold_r282g,535.243,0.20127208,12.35294118,,0.481312168,-0.763112489,27.4,0.986,0.9871(PATHOGENIC),foldxDdg:2.75449;plddt:97.21,-11.072,0.96(PATHOGENIC)
117,fold_r282h,0.79,0.92,2.295,94.62726071,72.09820561,fold_r282h,686.147,0.232261878,12.80392157,,0.208859164,-3.148476405,N/A,0.986,0.9462(PATHOGENIC),foldxDdg:7.23858;plddt:97.21,-11.739,0.917(PATHOGENIC)
118,fold_r282l,0.78,0.91,2.205,94.51568096,72.29054206,fold_r282l,632.817,0.189031394,11.88235294,,-2.062140986,,28.3,0.986,0.9405(PATHOGENIC),foldxDdg:-0.332524;plddt:97.21,-6.651,0.703(PATHOGENIC)
119,fold_r282p,0.73,0.89,3.005,93.4137224,70.33052336,fold_r282p,662.011,0.216424675,14.8627451,,0.235751434,-2.858915798,29.3,0.986,0.9994(PATHOGENIC),foldxDdg:9.21369;plddt:97.21,-12.176,0.955(PATHOGENIC)
120,fold_r282q,0.83,0.91,1.905,93.64330183,78.93233645,fold_r282q,633.883,0.222550461,13.70588235,,-1.610294604,,28.6,0.986,0.8664(PATHOGENIC),foldxDdg:2.77506;plddt:97.21,-8.345,0.939(PATHOGENIC)
121,fold_r282w,0.78,0.91,2.37,94.67323492,73.9477757,fold_r282w,762.411,0.259157796,11.2745098,,0.164519646,-0.545141157,31,0.986,0.9462(PATHOGENIC),foldxDdg:7.23858;plddt:97.21,-11.739,0.917(PATHOGENIC)
122,fold_r283c,0.82,0.92,1.955,95.08508207,76.53699065,fold_r283c,583.332,0.303265333,11.82352941,,-1.500426313,,23.7,0.757,0.6812(PATHOGENIC),foldxDdg:1.40984;plddt:95.97,-11.743,0.559(UNCERTAIN)
123,fold_r283g,0.8,0.92,2.175,94.93943742,74.27588785,fold_r283g,732.802,0.260546288,12.45098039,,-1.718897889,-1.37892922,24.4,0.757,0.887(PATHOGENIC),foldxDdg:1.18582;plddt:95.97,-11.843,0.822(PATHOGENIC)
124,fold_r283h,0.83,0.92,1.86,94.93138539,75.82758879,fold_r283h,668.915,0.262640149,9.411764706,,-1.789128698,,26.8,0.757,0.549(AMBIGUOUS),foldxDdg:1.24849;plddt:95.97,-11.152,0.678(PATHOGENIC)
125,fold_r283l,0.82,0.92,1.935,94.9902459,76.7815514,fold_r283l,541.618,0.275241506,9.823529412,,-2.224896384,,22.9,0.757,0.8316(PATHOGENIC),foldxDdg:0.639781;plddt:95.97,-11.608,0.581(UNCERTAIN)
126,fold_r283p,0.76,0.91,2.555,94.46138801,71.12650467,fold_r283p,780.341,0.190336612,13.37254902,,0.571333903,-1.180798625,27.8,0.757,0.9928(PATHOGENIC),foldxDdg:2.5208;plddt:95.97,-12.774,0.764(PATHOGENIC)
127,fold_r283s,0.84,0.93,1.725,94.95933712,76.99714019,fold_r283s,821.491,0.16183462,7.666666667,,0.333560215,-2.772126892,22.9,0.757,0.9763(PATHOGENIC),foldxDdg:0.794587;plddt:95.97,-11.981,0.544(UNCERTAIN)
128,fold_s121f,0.78,0.91,2.585,93.95030113,70.12327103,fold_s121f,697.701,0.286716925,9.588235294,,0.631214968,,27.7,0.972,0.9907(PATHOGENIC),foldxDdg:0.0750187;plddt:91.82,-13.579,0.959(PATHOGENIC)
129,fold_s240c,0.77,0.92,2.76,94.56996224,71.72297196,fold_s240c,736.263,0.247800059,11.11764706,,-1.311253872,,27.1,0.981,0.965(PATHOGENIC),foldxDdg:-0.503604;plddt:98.05,-10.917,0.95(PATHOGENIC)
130,fold_s240g,0.77,0.92,2.495,94.88860113,71.78001869,fold_s240g,804.749,0.174762563,11.96078431,,-0.933504781,,26.3,0.981,0.8955(PATHOGENIC),foldxDdg:0.790749;plddt:98.05,-7.499,0.693(PATHOGENIC)
131,fold_s240i,0.75,0.91,2.76,94.8181961,70.73358879,fold_s240i,608.923,0.214767071,10.84313725,,-1.542619703,,26.3,0.981,0.9894(PATHOGENIC),foldxDdg:-2.21499;plddt:98.05,-13.549,0.824(PATHOGENIC)
132,fold_s240n,0.79,0.92,2.305,94.65419862,73.02504673,fold_s240n,655.98,0.247315924,10.62745098,,-1.64204757,,25.3,0.981,0.9618(PATHOGENIC),foldxDdg:-0.472401;plddt:98.05,-9.771,0.633(UNCERTAIN)
133,fold_s240p,0.77,0.92,2.5,94.79191195,71.26461682,fold_s240p,936.059,0.231814288,12.21568627,,0.526093786,,N/A,0.981,0.965(PATHOGENIC),foldxDdg:-0.503604;plddt:98.05,-10.917,0.95(PATHOGENIC)
134,fold_s240r,0.81,0.92,2,95.00120452,73.87248598,fold_s240r,755.588,0.241412502,13.2745098,,-0.840532349,,24.9,0.981,0.9995(PATHOGENIC),foldxDdg:0.920035;plddt:98.05,-12.756,0.975(PATHOGENIC)
135,fold_s240t,0.84,0.93,1.755,95.10111321,76.4646729,fold_s240t,784.029,0.202302516,8.470588235,,-1.617662341,,24.9,0.981,0.8618(PATHOGENIC),foldxDdg:-0.572205;plddt:98.05,-8.862,0.734(PATHOGENIC)
136,fold_s241a,0.75,0.91,2.87,94.66667506,69.63659813,fold_s241a,813.928,0.163511241,9.882352941,,-0.807006741,,26,0.988,0.9765(PATHOGENIC),foldxDdg:0.422505;plddt:97.54,-13.287,0.92(PATHOGENIC)
137,fold_s241c,0.78,0.92,2.5,94.68999371,71.29420561,fold_s241c,649.54,0.187673816,14.2745098,,-0.278443406,,26.6,0.988,0.998(PATHOGENIC),foldxDdg:0.597512;plddt:97.54,-12.913,0.975(PATHOGENIC)
138,fold_s241f,0.77,0.91,2.59,93.87938519,69.1888785,fold_s241f,659.3,0.217995686,10.33333333,,0.014622535,,27.6,0.988,0.999(PATHOGENIC),foldxDdg:0.793894;plddt:97.54,-14.118,0.944(PATHOGENIC)
139,fold_s241p,0.76,0.92,2.645,94.65689937,70.81878505,fold_s241p,499.75,0.204608684,8.921568627,,-0.032401509,,27.7,0.988,0.9981(PATHOGENIC),foldxDdg:0.453954;plddt:97.54,-14.035,0.974(PATHOGENIC)
140,fold_s241t,0.76,0.92,2.73,94.77257862,71.35456075,fold_s241t,489.668,0.165517175,10.09803922,,-0.43269755,,25.5,0.988,0.9465(PATHOGENIC),foldxDdg:1.01334;plddt:97.54,-11.027,0.622(UNCERTAIN)
141,fold_s241y,0.73,0.91,3.005,94.42137931,67.80357009,fold_s241y,715.964,0.268961976,14.19607843,,-0.604257623,,26.9,0.988,0.9984(PATHOGENIC),foldxDdg:0.934387;plddt:97.54,-15.03,0.964(PATHOGENIC)
142,fold_t123i,0.83,0.92,1.86,94.96603774,76.87420561,fold_t123i,844.978,0.22351362,12.70588235,,-2.672296885,,24.4,0.942,0.7275(PATHOGENIC),foldxDdg:-1.17272;plddt:96.78,-11.164,0.786(PATHOGENIC)
143,fold_t123n,0.83,0.92,1.795,95.04360377,76.0357757,fold_t123n,838.981,0.283216839,12.70588235,,-2.781672256,,24.1,0.942,0.6684(PATHOGENIC),foldxDdg:-0.386179;plddt:96.78,-9.699,0.74(PATHOGENIC)
144,fold_t284a,0.78,0.92,2.555,94.51950221,71.70973832,fold_t284a,615.073,0.15391851,11.15686275,,-2.684415632,,25.3,0.689,0.2587(BENIGN),foldxDdg:-0.771866;plddt:95.98,-4.463,0.494(UNCERTAIN)
145,fold_t284e,0.78,0.92,2.465,94.69560654,71.27033645,fold_t284e,580.461,0.176514671,10.7254902,,,,N/A,0.689,0.2344(BENIGN),foldxDdg:-0.737406;plddt:95.98,-5.147,0.283(BENIGN)
146,fold_t284i,0.76,0.92,2.55,94.60389937,70.62437383,fold_t284i,594.215,0.150694339,12.43137255,,-1.849160535,,26,0.689,0.5825(PATHOGENIC),foldxDdg:-1.26633;plddt:95.98,-9.016,0.472(UNCERTAIN)
147,fold_t284k,0.74,0.91,2.905,94.59005028,70.04859813,fold_t284k,607.215,0.220072494,11.23529412,,-2.471189516,,26.5,0.689,0.7995(PATHOGENIC),foldxDdg:-0.973739;plddt:95.98,-9.864,0.595(UNCERTAIN)
148,fold_t284p,0.72,0.9,2.855,94.17539333,68.99130841,fold_t284p,578.754,0.245476882,11.7254902,,0.423956135,-0.261102604,26,0.689,0.912(PATHOGENIC),foldxDdg:2.32081;plddt:95.98,-9.293,0.884(PATHOGENIC)
149,fold_wt,0.83,0.92,1.9,94.88207048,76.70592523,fold_wt,664.309,0.305628967,9.568627451,,N/A,N/A,N/A,N/A,N/A,N/A,N/A,N/A
